id,Name,Age
1,Yorgo Stearn,17
2,Nannie Rowlings,22
3,Guinevere Pickersail,15
4,Guthrie Hebblewaite,15
5,Robbin Lush,18
6,Cathe Mattis,25
7,Merle Vince,25
8,Ely Kenright,23
9,Hardy Purchall,15
10,Margaret Braganca,20
11,Krissy Seabourne,20
12,Katrinka Colleymore,15
13,Wally Van der Linde,15
14,Pennie Chotty,22
15,Kaja Grigoriscu,28
16,Yard Nangle,26
17,Natale Boissier,24
18,Cordula Treslove,24
19,Dru Cahillane,26
20,Lewie Plues,15
21,Leta Dallinder,24
22,Kari Mozzi,28
23,Beck Soppit,26
24,Tally Eagling,19
25,Nola Gyngell,24
26,Oliy Gorst,15
27,Linea Maylott,24
28,Edmon Cuzen,17
29,Hewett Rodder,26
30,Gustav Azam,21
31,Hercule Nicolls,20
32,Yanaton Le Fleming,18
33,Leonard Lehr,20
34,Munmro Bletcher,23
35,Hinze Odd,27
36,Sula Dowall,20
37,Layla Treneer,15
38,Tamra Atling,20
39,Dell Behninck,18
40,Verna Stirley,21
41,Justis Housin,16
42,Bryanty Quaif,23
43,Fiona Grinsted,25
44,Esme Bembrigg,21
45,Randene Varfalameev,18
46,Ethel Duckitt,25
47,Gilly Haughian,30
48,Kasper Forsyth,17
49,Orel Pullin,27
50,Lela Saynor,15
51,Lanie Endrici,19
52,Rhys Kilfoyle,21
53,Jessamyn Foulds,22
54,Efrem Dullingham,27
55,Armstrong Hannis,25
